{
    "Objects": [
        {
            "Type": "nap::Sequence",
            "mID": "Generated_16",
            "Sequence Tracks": [
                {
                    "Type": "nap::SequenceTrack",
                    "mID": "Generated_7",
                    "Segments": [
                        {
                            "Type": "nap::SequenceTrackSegmentVec3",
                            "mID": "Generated",
                            "Start Time": 0.0,
                            "Duration": 5.399999901652336,
                            "Start Value": {
                                "x": 0.6399996876716614,
                                "y": 0.2800000309944153,
                                "z": 0.0
                            },
                            "End Value": {
                                "x": 0.9299994111061096,
                                "y": 0.6199997067451477,
                                "z": 0.3099999725818634
                            },
                            "Curves": [
                                "Generated_2",
                                "Generated_4",
                                "Generated_5"
                            ]
                        }
                    ],
                    "Parameter ID": "Vec3",
                    "Track Types": 3
                }
            ],
            "Duration": 5.399999901652336
        },
        {
            "Type": "nap::math::FloatFCurve",
            "mID": "Generated_2",
            "Points": [
                {
                    "Position": {
                        "Time": 0.0,
                        "Value": 0.6399996876716614
                    },
                    "InTangent": {
                        "Time": -0.10000000149011612,
                        "Value": 0.0
                    },
                    "OutTangent": {
                        "Time": 0.10000000149011612,
                        "Value": 0.0
                    },
                    "InterpolationType": "Bezier",
                    "AlignedTangents": true
                },
                {
                    "Position": {
                        "Time": 0.2166651040315628,
                        "Value": 0.8733651638031006
                    },
                    "InTangent": {
                        "Time": -0.10000000149011612,
                        "Value": 0.0
                    },
                    "OutTangent": {
                        "Time": 0.10000000149011612,
                        "Value": 0.0
                    },
                    "InterpolationType": "Bezier",
                    "AlignedTangents": true
                },
                {
                    "Position": {
                        "Time": 0.4037037193775177,
                        "Value": 0.6351688504219055
                    },
                    "InTangent": {
                        "Time": -0.10000000149011612,
                        "Value": 0.0
                    },
                    "OutTangent": {
                        "Time": 0.10000000149011612,
                        "Value": 0.0
                    },
                    "InterpolationType": "Bezier",
                    "AlignedTangents": true
                },
                {
                    "Position": {
                        "Time": 1.0,
                        "Value": 0.9299994111061096
                    },
                    "InTangent": {
                        "Time": -0.10000000149011612,
                        "Value": 0.0
                    },
                    "OutTangent": {
                        "Time": 0.10000000149011612,
                        "Value": 0.0
                    },
                    "InterpolationType": "Bezier",
                    "AlignedTangents": true
                }
            ]
        },
        {
            "Type": "nap::math::FloatFCurve",
            "mID": "Generated_4",
            "Points": [
                {
                    "Position": {
                        "Time": 0.0,
                        "Value": 0.2800000309944153
                    },
                    "InTangent": {
                        "Time": -0.10000000149011612,
                        "Value": 0.0
                    },
                    "OutTangent": {
                        "Time": 0.10000000149011612,
                        "Value": 0.0
                    },
                    "InterpolationType": "Bezier",
                    "AlignedTangents": true
                },
                {
                    "Position": {
                        "Time": 0.222222238779068,
                        "Value": 0.42132455110549929
                    },
                    "InTangent": {
                        "Time": -0.10000000149011612,
                        "Value": 0.0
                    },
                    "OutTangent": {
                        "Time": 0.10000000149011612,
                        "Value": 0.0
                    },
                    "InterpolationType": "Bezier",
                    "AlignedTangents": true
                },
                {
                    "Position": {
                        "Time": 0.3925926089286804,
                        "Value": 0.2575356960296631
                    },
                    "InTangent": {
                        "Time": -0.10000000149011612,
                        "Value": 0.0
                    },
                    "OutTangent": {
                        "Time": 0.10000000149011612,
                        "Value": 0.0
                    },
                    "InterpolationType": "Bezier",
                    "AlignedTangents": true
                },
                {
                    "Position": {
                        "Time": 0.825925886631012,
                        "Value": 0.591995120048523
                    },
                    "InTangent": {
                        "Time": -0.23000004887580872,
                        "Value": 0.3399999439716339
                    },
                    "OutTangent": {
                        "Time": 0.23000004887580872,
                        "Value": -0.3399999439716339
                    },
                    "InterpolationType": "Bezier",
                    "AlignedTangents": true
                },
                {
                    "Position": {
                        "Time": 1.0,
                        "Value": 0.6199997067451477
                    },
                    "InTangent": {
                        "Time": -0.10000000149011612,
                        "Value": 0.0
                    },
                    "OutTangent": {
                        "Time": 0.10000000149011612,
                        "Value": 0.0
                    },
                    "InterpolationType": "Bezier",
                    "AlignedTangents": true
                }
            ]
        },
        {
            "Type": "nap::math::FloatFCurve",
            "mID": "Generated_5",
            "Points": [
                {
                    "Position": {
                        "Time": 0.0,
                        "Value": 0.0
                    },
                    "InTangent": {
                        "Time": -0.10000000149011612,
                        "Value": 0.0
                    },
                    "OutTangent": {
                        "Time": 0.10000000149011612,
                        "Value": 0.0
                    },
                    "InterpolationType": "Bezier",
                    "AlignedTangents": true
                },
                {
                    "Position": {
                        "Time": 0.3888886868953705,
                        "Value": 0.0
                    },
                    "InTangent": {
                        "Time": -0.10000000149011612,
                        "Value": 0.0
                    },